Nachname;Vorname;Klasse;Gender;Birthday;Hochsprung;Weitsprung;Age;Kugelstossen;;
Sommer;Thomas;;male;1/18/2003;;x;13;Weitsprung;;01.01.2001
Schulze;Jennifer;;female;9/24/2002;;x;13;Weitsprung;;
Kˆhler;Mike;;male;4/25/1998;x;;17;Hochsprung;;
Rothstein;Rene;;male;6/24/1998;;x;17;Weitsprung;;
Ostermann;Christian;;male;9/26/1998;;x;17;Weitsprung;;
Egger;Paul;;male;7/28/1998;;x;17;Weitsprung;;
Krueger;Ralf;;male;4/27/1999;x;;16;Hochsprung;;
Moeller;Markus;;male;12.11.1997;x;;18;Hochsprung;;
Huber;Steffen;;male;06.03.1997;;x;18;Weitsprung;;
Freitag;Klaus;;male;10/28/1998;x;;17;Hochsprung;;
Rothstein;Kristin;;female;12.10.2001;x;;14;Hochsprung;;
Gottschalk;Gabriele;;female;5/30/2000;x;;15;Hochsprung;;
Decker;Thorsten;;male;6/21/1997;x;;18;Hochsprung;;
Dietrich;Sara;;female;8/13/2002;;x;13;Weitsprung;;
Maurer;Sara;;female;12/30/2002;x;;13;Hochsprung;;
Busch;Ralph;;male;02.01.1998;;x;18;Weitsprung;;
Frey;Nicole;;female;8/23/1998;;x;17;Weitsprung;;
Vogel;Sandra;;female;04.11.1999;x;;16;Hochsprung;;
Egger;Michael;;male;10/15/2002;;x;13;Weitsprung;;
Kirsch;Birgit;;female;6/14/1997;;x;18;Weitsprung;;
Drescher;Mike;;male;8/23/1999;;x;16;Weitsprung;;
Ebersbach;Steffen;;male;10/28/2000;;x;15;Weitsprung;;
Bumgarner;Niklas;;male;05.04.2002;;x;13;Weitsprung;;
Peters;Benjamin;;male;9/29/1998;x;;17;Hochsprung;;
Ostermann;Petra;;female;5/30/2000;x;;15;Hochsprung;;
Lemann;Michael;;male;04.11.1997;x;;18;Hochsprung;;
Herman;Lucas;;male;8/22/1997;x;;18;Hochsprung;;
Engel;Thomas;;male;8/24/1999;;x;16;Weitsprung;;
Adler;Gabriele;;female;3/23/2000;x;;15;Hochsprung;;
Beike;Martin;;male;5/15/1997;;x;18;Weitsprung;;
Wechsler;J√ºrgen;;male;06.02.2001;;x;14;Weitsprung;;
Jaeger;Jana;;female;11.07.2001;x;;14;Hochsprung;;
Baier;Patrick;;male;4/25/1998;x;;17;Hochsprung;;
Bosch;Nadine;;female;12.10.2002;;x;13;Weitsprung;;
Hartmann;Stephan;;male;12/14/2002;;x;13;Weitsprung;;
Durr;Max;;male;07.09.1999;;x;16;Weitsprung;;
Mehler;Lena;;female;11/28/1997;;x;18;Weitsprung;;
Friedman;Barbara;;female;3/26/1998;x;;17;Hochsprung;;
Muench;Jana;;female;02.08.1998;x;;18;Hochsprung;;
Frey;Jan;;male;2/22/2002;;x;14;Weitsprung;;
Traugott;Dirk;;male;11.09.2000;;x;15;Weitsprung;;
Brauer;Thorsten;;male;8/31/2001;;x;14;Weitsprung;;
Hertzog;Mario;;male;1/27/1998;;x;18;Weitsprung;;
Theiss;Swen;;male;06.04.2000;x;;15;Hochsprung;;
Baum;Luca;;male;11.10.2001;;x;14;Weitsprung;;
Dresner;Jennifer;;female;2/13/2001;x;;15;Hochsprung;;
Amsel;Kerstin;;female;8/27/2001;;x;14;Weitsprung;;
Neustadt;Nadine;;female;6/14/2002;;x;13;Weitsprung;;
Bauer;Diana;;female;12.04.2001;;x;14;Weitsprung;;
Fink;Patrick;;male;8/19/1999;;x;16;Weitsprung;;
Koertig;Robert;;male;04.10.1998;x;;17;Hochsprung;;
Holtzmann;Antje;;female;11.04.1998;;x;17;Weitsprung;;
Blau;Matthias;;male;08.06.1999;x;;16;Hochsprung;;
Zimmerman;Johanna;;female;3/16/1998;;x;17;Weitsprung;;
Kluge;Anne;;female;5/21/2000;x;;15;Hochsprung;;
Ehrlichmann;Yvonne;;female;8/21/1997;x;;18;Hochsprung;;
Fuerst;Johanna;;female;3/29/2002;;x;13;Weitsprung;;
Frei;Tim;;male;02.10.1998;x;;18;Hochsprung;;
Eisenberg;Diana;;female;9/29/2002;;x;13;Weitsprung;;
Eisenhauer;Sandra;;female;03.03.1998;;x;18;Weitsprung;;
Amsel;David;;male;05.02.2001;;x;14;Weitsprung;;
Koertig;Patrick;;male;8/21/1999;x;;16;Hochsprung;;
Neustadt;Karolin;;female;02.02.1999;;x;17;Weitsprung;;
Fenstermacher;Ren√©;;male;1/27/2000;;x;16;Weitsprung;;
K√∂nig;Maik;;male;02.03.2002;;x;14;Weitsprung;;
Mayer;Bernd;;male;08.12.1999;;x;16;Weitsprung;;
Hofmann;Dirk;;male;1/31/2001;x;;15;Hochsprung;;
Baumgartner;Benjamin;;male;03.01.2002;x;;14;Hochsprung;;
Amsel;Anne;;female;04.08.1998;;x;17;Weitsprung;;
Fink;Marco;;male;10.02.2000;;x;15;Weitsprung;;
Fruehauf;Lucas;;male;06.04.2001;;x;14;Weitsprung;;
Gerber;Frank;;male;10/22/2000;x;;15;Hochsprung;;
Schulze;Leon;;male;10/28/1999;;x;16;Weitsprung;;
Neudorf;Stefanie;;female;07.02.1998;;x;17;Weitsprung;;
Aachen;Matthias;;male;03.06.1999;x;;16;Hochsprung;;
Reinhardt;Thorsten;;male;10/28/1998;;x;17;Weitsprung;;
Metzger;Sven;;male;7/26/1998;;x;17;Weitsprung;;
Himmel;Patrick;;male;9/17/2000;x;;15;Hochsprung;;
Keller;Barbara;;female;4/17/2002;;x;13;Weitsprung;;
Scherer;Michelle;;female;05.08.1999;;x;16;Weitsprung;;
Zimmer;Melanie;;female;01.03.1998;;x;18;Weitsprung;;
Cole;Juliane;;female;07.12.2001;x;;14;Hochsprung;;
Maier;Matthias;;male;07.10.2002;;x;13;Weitsprung;;
Wirth;Kristin;;female;12.04.2002;;x;13;Weitsprung;;
Wechsler;Vanessa;;female;11/16/1998;x;;17;Hochsprung;;
K√∂hler;Leonie;;female;05.09.2001;;x;14;Weitsprung;;
Fruehauf;Leah;;female;11/24/1999;;x;16;Weitsprung;;
Aachen;Eric;;male;04.12.1997;x;;18;Hochsprung;;
Gruenewald;Ulrich;;male;7/16/1999;x;;16;Hochsprung;;
Bar;Andrea;;female;08.05.1997;;x;18;Weitsprung;;
Neumann;Gabriele;;female;3/30/2001;;x;14;Weitsprung;;
Berg;Sophia;;female;10/31/2000;;x;15;Weitsprung;;
Koch;Dominik;;male;04.09.2000;x;;15;Hochsprung;;
Fried;Vanessa;;female;02.12.1999;;x;17;Weitsprung;;
Schroder;Markus;;male;2/24/2000;x;;16;Hochsprung;;
Grunwald;Klaus;;male;09.10.1997;;x;18;Weitsprung;;
Goldschmidt;Vanessa;;female;4/29/1998;x;;17;Hochsprung;;
Hofmann;Marcel;;male;10/24/1998;;x;17;Weitsprung;;
Krause;Jan;;male;07.05.2002;;x;13;Weitsprung;;
Gloeckner;Klaudia;;female;12/17/1999;;x;16;Weitsprung;;
Becker;Klaus;;male;02.11.2001;;x;15;Weitsprung;;
Goldschmidt;Michelle;;female;10/23/1999;x;;16;Hochsprung;;
Moeller;Anja;;female;11/16/1998;;x;17;Weitsprung;;
Kortig;Klaus;;male;11.01.1998;;x;17;Weitsprung;;
Bar;Thomas;;male;09.02.1999;x;;16;Hochsprung;;
Baer;Kristian;;male;11.09.2002;;x;13;Weitsprung;;
Drechsler;Sven;;male;7/21/2002;x;;13;Hochsprung;;
Fiedler;Mandy;;female;4/28/1999;x;;16;Hochsprung;;
Schultz;Andrea;;female;4/15/2000;x;;15;Hochsprung;;
Zimmer;Janina;;female;9/22/2001;;x;14;Weitsprung;;
Hoover;Matthias;;male;04.01.2000;;x;15;Weitsprung;;
Feierabend;Anne;;female;5/15/1997;x;;18;Hochsprung;;
Beich;J√ºrgen;;male;05.01.1997;;x;18;Weitsprung;;
Shuster;Maik;;male;3/28/1998;;x;17;Weitsprung;;
Junker;Ines;;female;01.03.2002;;x;14;Weitsprung;;
Weisz;Brigitte;;female;02.12.1999;x;;17;Hochsprung;;
Schmidt;Sven;;male;09.03.1997;;x;18;Weitsprung;;
Glockner;Stefan;;male;6/29/2001;;x;14;Weitsprung;;
Mahler;Manuela;;female;11/19/1998;x;;17;Hochsprung;;
Ackermann;Antje;;female;05.11.1998;x;;17;Hochsprung;;
Dreher;Lea;;female;4/28/2001;;x;14;Weitsprung;;
Klug;Franziska;;female;4/24/2000;;x;15;Weitsprung;;
Waechter;Johanna;;female;9/20/2001;;x;14;Weitsprung;;
Wannemaker;Angelika;;female;03.08.1999;x;;16;Hochsprung;;
Zimmerman;Phillipp;;male;4/28/2002;;x;13;Weitsprung;;
Saenger;Brigitte;;female;3/16/1997;x;;18;Hochsprung;;
M√∂ller;Nicole;;female;1/14/2002;;x;14;Weitsprung;;
Wagner;Swen;;male;04.04.1997;x;;18;Hochsprung;;
Schweitzer;Sabrina;;female;08.05.2001;;x;14;Weitsprung;;
Kastner;Birgit;;female;7/29/2000;;x;15;Weitsprung;;
Jager;Thomas;;male;7/24/1998;x;;17;Hochsprung;;
Frankfurter;Anna;;female;12.03.1997;x;;18;Hochsprung;;
Meister;Katja;;female;06.12.2001;x;;14;Hochsprung;;
Maier;Ines;;female;1/25/1999;;x;17;Weitsprung;;
Kaufmann;Yvonne;;female;10/13/2001;;x;14;Weitsprung;;
Schwab;Maximilian;;male;1/14/1998;x;;18;Hochsprung;;
G√§rtner;Torsten;;male;8/16/1999;x;;16;Hochsprung;;
Werner;Dieter;;male;09.10.2001;;x;14;Weitsprung;;
Kr√ºger;Stefanie;;female;11/14/1998;;x;17;Weitsprung;;
Abendroth;Leon;;male;07.06.1998;x;;17;Hochsprung;;
Freeh;Martin;;male;7/16/2001;;x;14;Weitsprung;;
Hoover;Franziska;;female;01.07.2001;;x;15;Weitsprung;;
Gottlieb;Manuela;;female;11/29/2001;;x;14;Weitsprung;;
Lehrer;Antje;;female;08.07.2000;;x;15;Weitsprung;;
Nacht;Birgit;;female;9/22/1997;;x;18;Weitsprung;;
Kunze;Birgit;;female;03.02.1999;x;;17;Hochsprung;;
Baum;Niklas;;male;1/15/2002;;x;14;Weitsprung;;
Abendroth;Jan;;male;3/15/1999;x;;16;Hochsprung;;
Koenig;Sebastian;;male;11/25/1998;x;;17;Hochsprung;;
Achen;Karin;;female;9/20/2000;;x;15;Weitsprung;;
Kuester;Katharina;;female;10/13/1997;;x;18;Weitsprung;;
Ackermann;Katja;;female;12/26/1999;;x;16;Weitsprung;;
Drescher;Gabriele;;female;07.01.2000;;x;15;Weitsprung;;
Diederich;Jonas;;male;4/26/1997;x;;18;Hochsprung;;
Propst;J√∂rg;;male;2/28/1999;;x;17;Weitsprung;;
Kohler;Jana;;female;3/23/2000;;x;15;Weitsprung;;
Schmitz;Dirk;;male;09.11.2002;;x;13;Weitsprung;;
Decker;Marco;;male;5/25/1998;;x;17;Weitsprung;;
Rothschild;David;;male;12/17/2001;x;;14;Hochsprung;;
Mahler;Janina;;female;11/25/2000;;x;15;Weitsprung;;
Huber;Swen;;male;04.12.2002;;x;13;Weitsprung;;
Kluge;Tobias;;male;04.10.1999;;x;16;Weitsprung;;
Schweitzer;Jens;;male;11/13/1999;;x;16;Weitsprung;;
Nagel;Maria;;female;11/13/1998;x;;17;Hochsprung;;
Koenig;Antje;;female;10/13/2001;;x;14;Weitsprung;;
Wolf;Thomas;;male;3/30/1997;x;;18;Hochsprung;;
Herrmann;Bernd;;male;02.08.1998;x;;18;Hochsprung;;
Eisenhower;Barbara;;female;5/31/1999;;x;16;Weitsprung;;
Weiss;Gabriele;;female;07.09.1998;x;;17;Hochsprung;;
Maier;Maria;;female;10.07.2002;;x;13;Weitsprung;;
Konig;Michelle;;female;12/24/2000;;x;15;Weitsprung;;
Fassbinder;Florian;;male;5/27/2002;;x;13;Weitsprung;;
Vogler;Christian;;male;09.05.2000;x;;15;Hochsprung;;
Frey;Jens;;male;12/20/1998;x;;17;Hochsprung;;
Schwarz;Tim;;male;1/21/2003;;x;13;Weitsprung;;
Meyer;Sarah;;female;11.07.2002;x;;13;Hochsprung;;
Wurfel;Marcel;;male;3/19/2002;;x;13;Weitsprung;;
Wirth;Jennifer;;female;11.09.1998;;x;17;Weitsprung;;
Fisher;Monika;;female;06.12.1998;;x;17;Weitsprung;;
Cole;Kathrin;;female;02.09.2003;;x;13;Weitsprung;;
Fleischer;Steffen;;male;2/25/2001;;x;15;Weitsprung;;
Amsel;Mario;;male;06.08.2000;;x;15;Weitsprung;;
Weissmuller;Gabriele;;female;09.07.1998;x;;17;Hochsprung;;
Busch;Thorsten;;male;5/17/1997;x;;18;Hochsprung;;
K√∂nig;Anja;;female;07.12.1999;;x;16;Weitsprung;;
Gruenewald;Antje;;female;12/23/1999;x;;16;Hochsprung;;
Gottlieb;Mario;;male;11/30/2002;;x;13;Weitsprung;;
Moench;Marina;;female;07.09.1997;;x;18;Weitsprung;;
Wirth;Mario;;male;6/21/2001;;x;14;Weitsprung;;
Barth;Tobias;;male;10.03.1997;x;;18;Hochsprung;;
Lehmann;Mario;;male;8/27/2001;;x;14;Weitsprung;;
Seiler;Dominik;;male;06.01.1999;;x;16;Weitsprung;;
Vogt;Jennifer;;female;4/18/2002;;x;13;Weitsprung;;
Nagel;Klaus;;male;11/15/2002;;x;13;Weitsprung;;
Reiniger;Jennifer;;female;7/21/1999;x;;16;Hochsprung;;
Koenig;J√ºrgen;;male;12.01.2002;;x;13;Weitsprung;;
Baecker;Laura;;female;12.08.1998;x;;17;Hochsprung;;
Meyer;Yvonne;;female;12.01.2001;;x;14;Weitsprung;;
Kaufmann;Martin;;male;02.05.1999;x;;17;Hochsprung;;
Maur;Stefan;;male;6/28/2002;;x;13;Weitsprung;;
Schmid;Sven;;male;11.10.1997;;x;18;Weitsprung;;
Maur;Leon;;male;5/27/2002;;x;13;Weitsprung;;
Hartmann;Johanna;;female;01.11.2003;x;;13;Hochsprung;;
Ackerman;Michelle;;female;3/25/2001;;x;14;Weitsprung;;
Muench;J√ºrgen;;male;8/28/2000;x;;15;Hochsprung;;
Lowe;Lisa;;female;01.09.2003;;x;13;Weitsprung;;
Grunwald;Florian;;male;07.01.2000;;x;15;Weitsprung;;
Baum;Dominik;;male;1/21/2003;;x;13;Weitsprung;;
Roth;Mandy;;female;03.12.2000;;x;15;Weitsprung;;
Muench;Tobias;;male;7/28/1999;x;;16;Hochsprung;;
Wurfel;Antje;;female;5/31/1999;;x;16;Weitsprung;;
Diederich;Leonie;;female;9/15/1997;;x;18;Weitsprung;;
Theiss;Heike;;female;02.01.1999;x;;17;Hochsprung;;
Baier;Matthias;;male;1/29/2000;x;;16;Hochsprung;;
Kastner;Anne;;female;09.12.1997;x;;18;Hochsprung;;
Grunewald;Susanne;;female;11/29/1998;x;;17;Hochsprung;;
Schweizer;J√ºrgen;;male;5/15/1999;x;;16;Hochsprung;;
Pfeifer;Niklas;;male;10/26/2002;;x;13;Weitsprung;;
Freytag;Ulrike;;female;4/16/1999;;x;16;Weitsprung;;
Neumann;Tanja;;female;3/19/1999;;x;16;Weitsprung;;
Mueller;Steffen;;male;07.12.1997;x;;18;Hochsprung;;
Fassbinder;Simone;;female;12/13/1998;x;;17;Hochsprung;;
Bohm;Ute;;female;10.01.1998;;x;17;Weitsprung;;
Luft;Sabine;;female;3/29/2001;;x;14;Weitsprung;;
Frueh;Tanja;;female;8/27/1997;;x;18;Weitsprung;;
Gottlieb;Ulrich;;male;3/25/2002;;x;13;Weitsprung;;
Lowe;Maik;;male;06.02.1997;;x;18;Weitsprung;;
Kuster;Leon;;male;12/18/1999;;x;16;Weitsprung;;
Werfel;Mario;;male;8/16/1999;;x;16;Weitsprung;;
M√ºller;Kristian;;male;06.08.1997;x;;18;Hochsprung;;
Scherer;Sophie;;female;5/15/1998;;x;17;Weitsprung;;
Hertzog;Matthias;;male;8/14/2001;;x;14;Weitsprung;;
Nussbaum;Maximilian;;male;9/14/1997;;x;18;Weitsprung;;
K√∂hler;Michelle;;female;01.04.2003;;x;13;Weitsprung;;
Kr√ºger;Angelika;;female;11.05.1997;x;;18;Hochsprung;;
Abend;Mathias;;male;8/22/2001;;x;14;Weitsprung;;
Mahler;Andrea;;female;12/25/2000;;x;15;Weitsprung;;
Neudorf;Uta;;female;07.09.1998;;x;17;Weitsprung;;
Biermann;Lisa;;female;3/31/2002;;x;13;Weitsprung;;
Faber;Jonas;;male;08.08.1999;;x;16;Weitsprung;;
Faerber;Thorsten;;male;08.07.2002;;x;13;Weitsprung;;
Meyer;Uta;;female;7/28/2002;;x;13;Weitsprung;;
Hofmann;Christina;;female;03.01.2000;;x;16;Weitsprung;;
Blau;Laura;;female;12.02.2001;;x;14;Weitsprung;;
Biermann;Stefanie;;female;3/21/1998;;x;17;Weitsprung;;
Herrmann;Angelika;;female;10/27/1998;;x;17;Weitsprung;;
Bergmann;Stephanie;;female;11.08.2001;;x;14;Weitsprung;;
Zimmermann;Martin;;male;04.06.1998;x;;17;Hochsprung;;
Mahler;Jens;;male;10/22/2001;;x;14;Weitsprung;;
Fruehauf;Juliane;;female;5/31/1999;;x;16;Weitsprung;;
Vogel;Ines;;female;10.08.1999;x;;16;Hochsprung;;
Thalberg;Jan;;male;3/20/1998;x;;17;Hochsprung;;
Vogel;Tim;;male;02.06.2001;;x;15;Weitsprung;;
Hueber;Sabine;;female;8/30/2002;;x;13;Weitsprung;;
Peters;Simone;;female;01.03.1998;x;;18;Hochsprung;;
Strauss;Tim;;male;12.11.1998;;x;17;Weitsprung;;
Eiffel;Gabriele;;female;03.10.1997;x;;18;Hochsprung;;
Furst;Jana;;female;02.04.1998;x;;18;Hochsprung;;
Weber;Barbara;;female;9/21/1999;;x;16;Weitsprung;;
Mueller;Julia;;female;01.10.1998;x;;18;Hochsprung;;
Vogel;Jessika;;female;08.07.2002;;x;13;Weitsprung;;
Bach;Eric;;male;05.03.1999;x;;16;Hochsprung;;
Fuerst;Paul;;male;12.03.1998;x;;17;Hochsprung;;
M√ºller;Jan;;male;7/18/1998;x;;17;Hochsprung;;
Cole;Susanne;;female;8/30/2002;x;;13;Hochsprung;;
Pfeffer;Ralph;;male;7/29/2002;;x;13;Weitsprung;;
Fischer;Markus;;male;7/13/2001;;x;14;Weitsprung;;
Mahler;Thomas;;male;1/19/2002;;x;14;Weitsprung;;
Busch;Eric;;male;12.06.1999;;x;16;Weitsprung;;
B√ºrger;Nicole;;female;11.11.2002;;x;13;Weitsprung;;
Herrmann;Anne;;female;09.08.2000;;x;15;Weitsprung;;
Neumann;Susanne;;female;5/14/1997;x;;18;Hochsprung;;
Abend;Yvonne;;female;2/25/1998;;x;18;Weitsprung;;
Achen;Martina;;female;12.07.1999;x;;16;Hochsprung;;
Hueber;Petra;;female;05.09.1999;x;;16;Hochsprung;;
Papst;Leah;;female;1/16/1999;;x;17;Weitsprung;;
Saenger;Bernd;;male;06.02.1999;;x;16;Weitsprung;;
Schultheiss;Phillipp;;male;10.08.2002;;x;13;Weitsprung;;
Schwarz;Laura;;female;04.03.1998;;x;17;Weitsprung;;
Gerste;Lucas;;male;04.03.1997;x;;18;Hochsprung;;
Hoover;Sara;;female;6/30/1998;;x;17;Weitsprung;;
Konig;Katja;;female;07.02.1998;;x;17;Weitsprung;;
Duerr;Leah;;female;06.11.2002;;x;13;Weitsprung;;
Jager;Birgit;;female;02.11.1999;x;;17;Hochsprung;;
Fuerst;Paul;;male;6/28/1998;x;;17;Hochsprung;;
Berg;Benjamin;;male;07.11.2001;x;;14;Hochsprung;;
Urner;Torsten;;male;10/21/2000;x;;15;Hochsprung;;
Werner;Thomas;;male;02.01.2002;;x;14;Weitsprung;;
Saenger;Christin;;female;01.09.2000;x;;16;Hochsprung;;
Fassbinder;Claudia;;female;08.07.1998;;x;17;Weitsprung;;
Boehm;Sabrina;;female;11.12.1998;;x;17;Weitsprung;;
Pfeifer;Marina;;female;02.11.1998;;x;18;Weitsprung;;
Wei√ü;Brigitte;;female;12/13/2001;x;;14;Hochsprung;;
Wagner;Frank;;male;09.08.2001;;x;14;Weitsprung;;
Bieber;Anke;;female;05.08.2001;;x;14;Weitsprung;;
Baier;Tim;;male;10/31/1999;x;;16;Hochsprung;;
Lang;Thorsten;;male;2/13/2000;x;;16;Hochsprung;;
Baumgaertner;Erik;;male;11/24/1998;;x;17;Weitsprung;;
Beckenbauer;Dominik;;male;06.05.1998;x;;17;Hochsprung;;
Klug;Mandy;;female;11/15/2000;;x;15;Weitsprung;;
Eisenberg;Katharina;;female;2/19/1998;;x;18;Weitsprung;;
Ziegler;Kevin;;male;7/23/1999;x;;16;Hochsprung;;
Theissen;Tim;;male;11/26/1997;x;;18;Hochsprung;;
Pfaff;Maik;;male;8/18/1999;;x;16;Weitsprung;;
Sankt;Maximilian;;male;3/26/2000;;x;15;Weitsprung;;
Wannemaker;Claudia;;female;5/21/1999;;x;16;Weitsprung;;
Schultheiss;Laura;;female;12/26/1997;;x;18;Weitsprung;;
Jung;Sebastian;;male;8/23/2002;;x;13;Weitsprung;;
Zimmermann;Johanna;;female;4/23/1997;x;;18;Hochsprung;;
K√∂nig;Mandy;;female;9/16/1999;;x;16;Weitsprung;;
Feierabend;Monika;;female;9/21/1998;;x;17;Weitsprung;;
Theissen;Laura;;female;10/20/2001;;x;14;Weitsprung;;
Schmid;Laura;;female;11/28/2002;;x;13;Weitsprung;;
Meister;Torsten;;male;12.07.2000;;x;15;Weitsprung;;
Baumgaertner;Marina;;female;6/15/1997;x;;18;Hochsprung;;
Diederich;Thorsten;;male;06.04.1997;;x;18;Weitsprung;;
Thalberg;Sabine;;female;07.03.1997;;x;18;Weitsprung;;
Schroeder;J√ºrgen;;male;6/14/1999;;x;16;Weitsprung;;
Eberhart;Vanessa;;female;12/25/1997;;x;18;Weitsprung;;
Meyer;Kristin;;female;10/23/2001;x;;14;Hochsprung;;
Diederich;Tobias;;male;02.08.1999;x;;17;Hochsprung;;
B√ºrger;Ursula;;female;6/22/2001;;x;14;Weitsprung;;
Thalberg;Annett;;female;12/13/1999;x;;16;Hochsprung;;
Bauer;Mike;;male;1/20/2000;;x;16;Weitsprung;;
Fleischer;Manuela;;female;2/20/2001;;x;15;Weitsprung;;
Diederich;Doreen;;female;12/29/1999;;x;16;Weitsprung;;
Dresdner;Sophie;;female;07.05.1998;x;;17;Hochsprung;;
Pfeffer;Luca;;male;11/24/1998;;x;17;Weitsprung;;
Metzger;Lucas;;male;06.12.2001;;x;14;Weitsprung;;
Eichelberger;Stefan;;male;9/17/1998;x;;17;Hochsprung;;
Saenger;Brigitte;;female;8/27/2001;;x;14;Weitsprung;;
Hahn;Katja;;female;05.04.2001;;x;14;Weitsprung;;
Ritter;Maria;;female;7/14/1999;x;;16;Hochsprung;;
Hahn;Uta;;female;12.02.1999;;x;16;Weitsprung;;
Sankt;Christian;;male;9/29/1999;x;;16;Hochsprung;;
Eiffel;Marina;;female;6/17/2001;x;;14;Hochsprung;;
M√∂ller;Nicole;;female;9/14/1998;x;;17;Hochsprung;;
Duerr;Kristin;;female;5/13/2000;;x;15;Weitsprung;;
Muench;Mathias;;male;9/28/2000;x;;15;Hochsprung;;
Gottlieb;Peter;;male;07.07.1998;;x;17;Weitsprung;;
Eisenberg;Ulrich;;male;08.12.1998;x;;17;Hochsprung;;
Bader;Eric;;male;11.03.2001;x;;14;Hochsprung;;
Neudorf;Marina;;female;11/23/2001;;x;14;Weitsprung;;
Vogler;Doreen;;female;01.08.2003;;x;13;Weitsprung;;
Bauer;Christine;;female;4/19/1999;;x;16;Weitsprung;;
Frankfurter;Kevin;;male;9/14/2002;;x;13;Weitsprung;;
Kohler;Tobias;;male;9/18/2001;;x;14;Weitsprung;;
Peters;Lea;;female;12.02.1998;x;;17;Hochsprung;;
Pfaff;Nadine;;female;3/22/2000;x;;15;Hochsprung;;
Thalberg;Leonie;;female;1/17/1998;x;;18;Hochsprung;;
Diederich;Frank;;male;08.02.1997;x;;18;Hochsprung;;
Sommer;Ute;;female;11.01.2002;;x;13;Weitsprung;;
Amsel;Jana;;female;5/31/2002;;x;13;Weitsprung;;
Fiedler;Nicole;;female;10.02.1999;x;;16;Hochsprung;;
Daecher;Sophia;;female;9/16/1997;;x;18;Weitsprung;;
Pabst;Dieter;;male;4/27/1997;x;;18;Hochsprung;;
Bach;Leonie;;female;05.06.1999;x;;16;Hochsprung;;
Boehm;Daniela;;female;12.02.1997;x;;18;Hochsprung;;
Maur;Leon;;male;12/27/1997;x;;18;Hochsprung;;
Bieber;Felix;;male;9/25/1999;;x;16;Weitsprung;;
Bachmeier;Matthias;;male;01.08.2002;;x;14;Weitsprung;;
Oster;Anna;;female;9/30/1998;;x;17;Weitsprung;;
Kruger;Julia;;female;02.01.2002;x;;14;Hochsprung;;
Daecher;Maria;;female;9/22/1998;;x;17;Weitsprung;;
Metzger;Annett;;female;11.07.1999;x;;16;Hochsprung;;
Feierabend;Andrea;;female;09.02.1998;;x;17;Weitsprung;;
Eichelberger;Phillipp;;male;1/21/2003;;x;13;Weitsprung;;
Weisz;Dirk;;male;03.07.2002;;x;13;Weitsprung;;
Dietrich;Patrick;;male;08.02.2001;;x;14;Weitsprung;;
Fink;Dirk;;male;12.06.1999;;x;16;Weitsprung;;
Schuster;Paul;;male;3/24/2000;;x;15;Weitsprung;;
Fuchs;Kathrin;;female;1/28/2002;;x;14;Weitsprung;;
Kalb;Ines;;female;12/23/1997;x;;18;Hochsprung;;
Mauer;Jessica;;female;11/13/1997;x;;18;Hochsprung;;
Scholz;Ines;;female;08.10.2002;;x;13;Weitsprung;;
Rothstein;Marco;;male;2/22/2001;;x;15;Weitsprung;;
Mueller;Brigitte;;female;01.03.2003;;x;13;Weitsprung;;
Austerlitz;Steffen;;male;12.01.2001;x;;14;Hochsprung;;
Abendroth;Sabine;;female;05.09.1997;x;;18;Hochsprung;;
Herzog;Anna;;female;11/15/1999;;x;16;Weitsprung;;
Boehm;Ren√©;;male;6/22/2001;;x;14;Weitsprung;;
Berg;Tim;;male;8/23/1998;;x;17;Weitsprung;;
Schiffer;Silke;;female;6/23/2002;;x;13;Weitsprung;;
Duerr;Jan;;male;11.04.2000;;x;15;Weitsprung;;
Fenstermacher;Erik;;male;07.10.1999;;x;16;Weitsprung;;
Klug;Doreen;;female;7/25/2002;;x;13;Weitsprung;;
Wurfel;Jens;;male;07.05.1999;;x;16;Weitsprung;;
Friedmann;Phillipp;;male;07.10.1999;;x;16;Weitsprung;;
Roth;Matthias;;male;11/30/1998;;x;17;Weitsprung;;
Herman;Jens;;male;08.11.1998;;x;17;Weitsprung;;
Weiss;Sophie;;female;11.09.1999;x;;16;Hochsprung;;
Herrmann;Nadine;;female;2/26/1999;;x;17;Weitsprung;;
Strauss;Klaudia;;female;12/14/1997;x;;18;Hochsprung;;
Theissen;Doreen;;female;07.12.2000;;x;15;Weitsprung;;
Herman;Nicole;;female;7/31/1997;x;;18;Hochsprung;;
Sanger;Christin;;female;3/29/2001;;x;14;Weitsprung;;
Kuster;Heike;;female;2/23/2002;;x;14;Weitsprung;;
Bach;Yvonne;;female;8/24/1999;;x;16;Weitsprung;;
Wirth;Tim;;male;09.06.2001;;x;14;Weitsprung;;
Zimmer;Dirk;;male;8/24/1997;;x;18;Weitsprung;;
M√ºller;Bernd;;male;02.01.2002;;x;14;Weitsprung;;
Wei√ü;Katja;;female;9/19/1998;;x;17;Weitsprung;;
Hoffmann;Matthias;;male;05.06.1997;;x;18;Weitsprung;;
Pfeiffer;Michelle;;female;11.12.2002;;x;13;Weitsprung;;
Koenig;Florian;;male;3/23/1999;;x;16;Weitsprung;;
Schr√∂der;Mike;;male;06.09.2000;x;;15;Hochsprung;;
Gerste;Marina;;female;3/31/1999;;x;16;Weitsprung;;
Neudorf;Tom;;male;1/17/1999;x;;17;Hochsprung;;
Nacht;Dominik;;male;11/17/2002;;x;13;Weitsprung;;
Kruger;Christine;;female;9/25/2002;;x;13;Weitsprung;;
Papst;Silke;;female;7/13/1999;;x;16;Weitsprung;;
Weisz;Jens;;male;7/18/2001;x;;14;Hochsprung;;
Kastner;Christian;;male;12/14/1998;;x;17;Weitsprung;;
B√ºrger;Dominik;;male;07.04.2002;;x;13;Weitsprung;;
Beyer;Ulrike;;female;1/26/2002;;x;14;Weitsprung;;
Waechter;Sophie;;female;11/30/1997;x;;18;Hochsprung;;
Boehm;Marie;;female;08.04.2000;;x;15;Weitsprung;;
Mueller;Stephan;;male;12/18/1997;;x;18;Weitsprung;;
Beich;Ines;;female;11.07.1999;;x;16;Weitsprung;;
Jung;Mandy;;female;10/26/1998;;x;17;Weitsprung;;
Freitag;Lisa;;female;4/29/1997;x;;18;Hochsprung;;
Theissen;Benjamin;;male;10.06.1997;;x;18;Weitsprung;;
Kaufmann;Ralph;;male;03.09.2002;x;;13;Hochsprung;;
Mauer;Tim;;male;5/27/1998;x;;17;Hochsprung;;
Mauer;Barbara;;female;02.09.1999;;x;17;Weitsprung;;
Kastner;Jennifer;;female;3/13/1998;x;;17;Hochsprung;;
Schreiner;Karin;;female;1/28/2001;;x;15;Weitsprung;;
Kunze;J√∂rg;;male;09.11.1998;x;;17;Hochsprung;;
K√∂hler;Christina;;female;3/23/2002;;x;13;Weitsprung;;
Busch;Jana;;female;1/20/2000;x;;16;Hochsprung;;
Papst;Barbara;;female;05.03.1997;x;;18;Hochsprung;;
Gersten;Daniel;;male;02.02.2003;x;;13;Hochsprung;;
Eisenhauer;Lena;;female;3/24/2000;;x;15;Weitsprung;;
Grunwald;Monika;;female;12/22/2002;;x;13;Weitsprung;;
Eberhardt;Maik;;male;8/17/2001;;x;14;Weitsprung;;
Brandt;Sabine;;female;7/14/1998;x;;17;Hochsprung;;
Maier;Marko;;male;08.04.1999;;x;16;Weitsprung;;
Zweig;Jana;;female;6/27/1999;x;;16;Hochsprung;;
Wulf;Diana;;female;10/17/1998;;x;17;Weitsprung;;
Traugott;Maria;;female;6/13/2001;;x;14;Weitsprung;;
Jaeger;Kevin;;male;4/19/1997;x;;18;Hochsprung;;
Pfaff;Frank;;male;2/17/1999;;x;17;Weitsprung;;
Jager;Sebastian;;male;10.10.1998;;x;17;Weitsprung;;
Kuefer;Martina;;female;3/17/2001;;x;14;Weitsprung;;
Waechter;Lukas;;male;12/31/2001;;x;14;Weitsprung;;
Meier;Tom;;male;11/15/2001;;x;14;Weitsprung;;
Hoch;Uta;;female;9/23/2000;;x;15;Weitsprung;;
Kalb;Andreas;;male;3/29/1999;;x;16;Weitsprung;;
Beckenbauer;Karin;;female;3/24/1999;;x;16;Weitsprung;;
Vogel;Heike;;female;1/14/1999;x;;17;Hochsprung;;
Herrmann;Luca;;male;07.05.1997;;x;18;Weitsprung;;
Vogel;Andrea;;female;10/17/1998;;x;17;Weitsprung;;
Abt;Luca;;male;04.11.2001;;x;14;Weitsprung;;
Schulze;Wolfgang;;male;03.09.1997;x;;18;Hochsprung;;
Fisher;Tom;;male;2/14/2003;;x;13;Weitsprung;;
Amsel;Marcel;;male;11.11.1999;x;;16;Hochsprung;;
Gruenewald;Paul;;male;11.09.1998;;x;17;Weitsprung;;
Herman;Florian;;male;10.10.1997;x;;18;Hochsprung;;
Naumann;Petra;;female;10/26/1998;x;;17;Hochsprung;;
Kortig;J√ºrgen;;male;11/27/2002;;x;13;Weitsprung;;
Jung;Katharina;;female;10.07.1998;x;;17;Hochsprung;;
Berg;Steffen;;male;9/15/1999;x;;16;Hochsprung;;
Engel;Luca;;male;7/16/1997;;x;18;Weitsprung;;
Propst;Lea;;female;7/13/1998;x;;17;Hochsprung;;
Berg;Diana;;female;02.03.2000;x;;16;Hochsprung;;
Lemann;Klaudia;;female;01.12.2003;;x;13;Weitsprung;;
Mueller;Wolfgang;;male;03.05.1998;x;;18;Hochsprung;;
Berg;Yvonne;;female;1/22/2002;;x;14;Weitsprung;;
Peters;Jessica;;female;07.01.2002;;x;13;Weitsprung;;
Mehler;Janina;;female;11/15/2001;;x;14;Weitsprung;;
Holzman;Mandy;;female;8/22/2000;;x;15;Weitsprung;;
Oster;Sara;;female;06.05.1999;;x;16;Weitsprung;;
Gersten;Stephanie;;female;03.07.2000;;x;15;Weitsprung;;
Engel;Dirk;;male;07.12.2000;;x;15;Weitsprung;;
Ritter;Manuela;;female;5/26/2001;;x;14;Weitsprung;;
Wirtz;Frank;;male;11/19/2001;;x;14;Weitsprung;;
Aachen;Sven;;male;02.12.2001;x;;15;Hochsprung;;
Kalb;Dominik;;male;4/27/2000;;x;15;Weitsprung;;
Dietrich;Monika;;female;08.03.1997;;x;18;Weitsprung;;
Kohl;Matthias;;male;08.02.2000;;x;15;Weitsprung;;
Herz;Markus;;male;01.08.2003;;x;13;Weitsprung;;
Schwartz;Manuela;;female;07.12.1998;;x;17;Weitsprung;;
Abt;Anke;;female;09.09.1997;;x;18;Weitsprung;;
Beckenbauer;Phillipp;;male;10/22/1997;;x;18;Weitsprung;;
Feierabend;Frank;;male;05.09.2000;;x;15;Weitsprung;;
Luft;Juliane;;female;06.02.2000;x;;15;Hochsprung;;
Nadel;Jan;;male;6/27/2000;;x;15;Weitsprung;;
Saenger;Christina;;female;6/25/1997;x;;18;Hochsprung;;
Pfeffer;Marie;;female;10/17/1998;x;;17;Hochsprung;;
Daecher;Wolfgang;;male;2/28/2001;;x;15;Weitsprung;;
Furst;Dennis;;male;9/21/2001;;x;14;Weitsprung;;
Schultheiss;Sophia;;female;6/27/2002;;x;13;Weitsprung;;
Schreiber;Melanie;;female;03.02.2000;;x;16;Weitsprung;;
Kastner;Sabrina;;female;10.03.2002;;x;13;Weitsprung;;
Dresner;Andreas;;male;2/25/1998;x;;18;Hochsprung;;
Dresner;Marie;;female;05.06.1997;x;;18;Hochsprung;;
Theissen;Steffen;;male;9/18/2000;;x;15;Weitsprung;;
Gerste;Wolfgang;;male;06.10.2000;;x;15;Weitsprung;;
Bayer;Annett;;female;01.07.2000;x;;16;Hochsprung;;
Bayer;Ulrich;;male;07.06.1998;x;;17;Hochsprung;;
Kunze;Christian;;male;11/25/1998;x;;17;Hochsprung;;
Moeller;Annett;;female;9/15/1997;x;;18;Hochsprung;;
Neustadt;Marco;;male;12/21/2001;;x;14;Weitsprung;;
Kuefer;Julia;;female;01.03.1998;;x;18;Weitsprung;;
Frei;Frank;;male;05.10.1999;x;;16;Hochsprung;;
Ostermann;Mike;;male;08.04.2000;x;;15;Hochsprung;;
Seiler;Max;;male;6/23/1998;;x;17;Weitsprung;;
Metzger;Monika;;female;12/22/1998;x;;17;Hochsprung;;
Klug;Claudia;;female;3/15/2001;;x;14;Weitsprung;;
Maur;Lena;;female;6/28/1999;;x;16;Weitsprung;;
Farber;Erik;;male;10.07.1999;x;;16;Hochsprung;;
Reinhardt;Benjamin;;male;10/19/1999;;x;16;Weitsprung;;
Schuster;J√∂rg;;male;1/23/1998;x;;18;Hochsprung;;
Abt;Leonie;;female;6/18/2001;x;;14;Hochsprung;;
Wechsler;Ulrike;;female;03.07.1999;;x;16;Weitsprung;;
Neustadt;Tanja;;female;1/17/1998;;x;18;Weitsprung;;
Neustadt;Kathrin;;female;3/31/2000;;x;15;Weitsprung;;
Koehler;Uwe;;male;1/24/2001;;x;15;Weitsprung;;
Weisz;Julia;;female;1/18/2001;;x;15;Weitsprung;;
Freitag;Jonas;;male;10/21/1998;x;;17;Hochsprung;;
Boehm;Christian;;male;6/30/1998;x;;17;Hochsprung;;
Bergmann;Karin;;female;3/13/1998;x;;17;Hochsprung;;
Kaestner;Dominik;;male;10/28/1999;x;;16;Hochsprung;;
Faerber;Robert;;male;2/21/1998;;x;18;Weitsprung;;
Bergmann;Jennifer;;female;6/13/1997;;x;18;Weitsprung;;
Kuester;Marco;;male;01.12.2000;x;;16;Hochsprung;;
Baumgaertner;Dieter;;male;09.04.1998;x;;17;Hochsprung;;
Kluge;Gabriele;;female;04.07.2000;;x;15;Weitsprung;;
Kastner;Jennifer;;female;5/13/2002;;x;13;Weitsprung;;
Gerste;Marina;;female;10/13/2000;;x;15;Weitsprung;;
K√∂nig;Uta;;female;04.04.2001;x;;14;Hochsprung;;
Engel;Patrick;;male;10/18/1999;;x;16;Weitsprung;;
Papst;Bernd;;male;2/27/2003;;x;13;Weitsprung;;
Koertig;Christian;;male;7/17/1997;;x;18;Weitsprung;;
Herrmann;Nadine;;female;07.04.2002;;x;13;Weitsprung;;
Thalberg;Steffen;;male;5/14/1998;x;;17;Hochsprung;;
Sommer;Juliane;;female;9/18/2001;x;;14;Hochsprung;;
Pfeifer;Jonas;;male;7/24/2002;;x;13;Weitsprung;;
Richter;Dirk;;male;08.07.1999;;x;16;Weitsprung;;
Kuefer;Erik;;male;5/28/1997;x;;18;Hochsprung;;
Himmel;Heike;;female;07.07.2002;;x;13;Weitsprung;;
Boehm;Melanie;;female;6/26/2001;;x;14;Weitsprung;;
B√ºrger;Jan;;male;05.01.1999;x;;16;Hochsprung;;
Trommler;Ralf;;male;6/20/1999;;x;16;Weitsprung;;
Friedman;Leah;;female;02.07.2001;;x;15;Weitsprung;;
Daecher;Stefanie;;female;11/26/2001;x;;14;Hochsprung;;
Strauss;Susanne;;female;1/15/2002;;x;14;Weitsprung;;
Fried;Marcel;;male;7/25/1997;x;;18;Hochsprung;;
Maur;Ursula;;female;9/13/2000;;x;15;Weitsprung;;
Mehler;Leonie;;female;7/16/2001;;x;14;Weitsprung;;
Austerlitz;Ralf;;male;2/19/1999;x;;17;Hochsprung;;
Bergmann;J√∂rg;;male;8/16/2002;;x;13;Weitsprung;;
Fiedler;Alexander;;male;10.02.2000;x;;15;Hochsprung;;
Brandt;Lena;;female;11/24/2001;;x;14;Weitsprung;;
Duerr;Barbara;;female;7/17/1998;;x;17;Weitsprung;;
Grunwald;Barbara;;female;07.07.1999;;x;16;Weitsprung;;
Wechsler;Ren√©;;male;12.07.1998;;x;17;Weitsprung;;
Pfeffer;Michael;;male;7/24/1998;;x;17;Weitsprung;;
Schweizer;Anja;;female;8/28/1997;;x;18;Weitsprung;;
K√∂hler;Katrin;;female;08.06.2002;;x;13;Weitsprung;;
Naumann;Peter;;male;10.10.1998;x;;17;Hochsprung;;
Junker;Dominik;;male;2/17/2002;x;;14;Hochsprung;;
Schulze;Peter;;male;4/24/2001;;x;14;Weitsprung;;
Schwarz;Kristian;;male;08.11.1997;x;;18;Hochsprung;;
Ostermann;Kerstin;;female;07.12.2000;x;;15;Hochsprung;;
K√∂hler;Eric;;male;4/26/1999;;x;16;Weitsprung;;
Zimmermann;Ines;;female;11.06.1998;;x;17;Weitsprung;;
Urner;Christine;;female;12/23/1997;;x;18;Weitsprung;;
Farber;Mario;;male;10/17/2001;x;;14;Hochsprung;;
Bach;Marina;;female;11/26/1999;;x;16;Weitsprung;;
Fischer;Christian;;male;6/27/1998;x;;17;Hochsprung;;
Mauer;Melanie;;female;6/30/2002;;x;13;Weitsprung;;
Herman;Phillipp;;male;4/13/2000;;x;15;Weitsprung;;
Himmel;Lucas;;male;5/20/1997;x;;18;Hochsprung;;
Strauss;Monika;;female;4/28/2001;;x;14;Weitsprung;;
Werner;Monika;;female;10/21/1998;;x;17;Weitsprung;;
Dresdner;Kristian;;male;03.12.1997;x;;18;Hochsprung;;
Peters;Sarah;;female;5/14/2000;;x;15;Weitsprung;;
Grunewald;Stephan;;male;5/16/2002;;x;13;Weitsprung;;
Hertz;Christine;;female;12.06.2002;;x;13;Weitsprung;;
Hoch;Lisa;;female;12/17/1998;x;;17;Hochsprung;;
Kohl;Peter;;male;10/13/1997;x;;18;Hochsprung;;
Weber;Ulrike;;female;11.03.1999;x;;16;Hochsprung;;
Beike;Johanna;;female;9/26/2001;;x;14;Weitsprung;;
Schuhmacher;Maria;;female;3/21/2000;;x;15;Weitsprung;;
Kruger;Susanne;;female;7/18/1998;;x;17;Weitsprung;;
Baecker;Brigitte;;female;5/13/1997;x;;18;Hochsprung;;
Jaeger;Barbara;;female;8/23/2000;x;;15;Hochsprung;;
Dresdner;Marko;;male;9/26/1999;;x;16;Weitsprung;;
Barth;Kristin;;female;08.11.2001;;x;14;Weitsprung;;
Beckenbauer;J√∂rg;;male;10/16/1999;;x;16;Weitsprung;;
Schuhmacher;Anja;;female;06.02.2002;;x;13;Weitsprung;;
Muller;Sophie;;female;5/31/1997;;x;18;Weitsprung;;
Werner;Martina;;female;7/13/1999;;x;16;Weitsprung;;
Vogel;Thomas;;male;03.06.2000;;x;16;Weitsprung;;
Bach;Stephan;;male;09.03.2002;;x;13;Weitsprung;;
Wei√ü;Ulrich;;male;7/25/1999;x;;16;Hochsprung;;
Schuhmacher;Silke;;female;12.08.2001;;x;14;Weitsprung;;
Daecher;Steffen;;male;7/24/2002;;x;13;Weitsprung;;
Weisz;Ralf;;male;06.06.1997;;x;18;Weitsprung;;
Hueber;Marina;;female;7/25/2000;;x;15;Weitsprung;;
Vogler;Karin;;female;07.03.2002;;x;13;Weitsprung;;
Mueller;Niklas;;male;8/18/1999;;x;16;Weitsprung;;
Wolf;Andrea;;female;03.03.2001;;x;15;Weitsprung;;
Bar;Manuela;;female;11/22/2001;;x;14;Weitsprung;;
Kr√ºger;Jan;;male;10/22/1997;;x;18;Weitsprung;;
Oster;Kristian;;male;12/22/1998;x;;17;Hochsprung;;
M√ºller;Mandy;;female;3/20/1999;;x;16;Weitsprung;;
Wexler;Klaus;;male;11.11.1999;;x;16;Weitsprung;;
Ebersbach;Sandra;;female;12.06.1997;x;;18;Hochsprung;;
Klein;Alexander;;male;11/28/1997;x;;18;Hochsprung;;
Loewe;Maximilian;;male;3/22/1998;x;;17;Hochsprung;;
Eberhardt;Johanna;;female;09.02.2000;x;;15;Hochsprung;;
Fuhrmann;Kristin;;female;10.04.2000;;x;15;Weitsprung;;
Jung;Mario;;male;09.02.2001;;x;14;Weitsprung;;
Baader;Phillipp;;male;08.07.2000;;x;15;Weitsprung;;
Neudorf;Benjamin;;male;5/15/1998;;x;17;Weitsprung;;
Hertz;Sabine;;female;8/25/2001;;x;14;Weitsprung;;
Baier;Ursula;;female;12/24/1999;;x;16;Weitsprung;;
Krause;Brigitte;;female;10/31/1999;;x;16;Weitsprung;;
Hartmann;Juliane;;female;11.03.2000;x;;15;Hochsprung;;
Fiedler;Nadine;;female;02.03.1999;x;;17;Hochsprung;;
Frankfurter;Martin;;male;04.11.2000;x;;15;Hochsprung;;
Pfeifer;Anna;;female;8/20/2001;;x;14;Weitsprung;;
Klein;J√ºrgen;;male;11/19/2000;;x;15;Weitsprung;;
Fruehauf;Niklas;;male;06.06.2000;;x;15;Weitsprung;;
Dreher;J√∂rg;;male;05.02.2002;;x;13;Weitsprung;;
Ebersbacher;Thorsten;;male;3/30/1998;;x;17;Weitsprung;;
Aachen;Luca;;male;2/18/1999;;x;17;Weitsprung;;
Weiss;Tom;;male;3/17/1998;;x;17;Weitsprung;;
Koertig;Michael;;male;08.07.2000;x;;15;Hochsprung;;
Koehler;Jan;;male;4/17/1999;;x;16;Weitsprung;;
Schreiner;Ralf;;male;3/22/1998;;x;17;Weitsprung;;
Eichmann;Doreen;;female;10.08.2002;;x;13;Weitsprung;;
Weissmuller;Anke;;female;10/15/1997;;x;18;Weitsprung;;
Frei;Christin;;female;10/27/1998;;x;17;Weitsprung;;
Luft;Bernd;;male;4/21/1998;;x;17;Weitsprung;;
Wechsler;Andrea;;female;9/26/2002;;x;13;Weitsprung;;
Vogt;Dirk;;male;03.04.2001;x;;15;Hochsprung;;
Dreher;Erik;;male;06.03.1997;x;;18;Hochsprung;;
Fink;Marina;;female;12/18/1998;x;;17;Hochsprung;;
Krause;Lena;;female;10.02.2001;;x;14;Weitsprung;;
Lowe;Stephan;;male;4/20/2000;;x;15;Weitsprung;;
Sanger;Markus;;male;09.01.2000;;x;15;Weitsprung;;
Urner;Lukas;;male;9/27/2001;;x;14;Weitsprung;;
Farber;Angelika;;female;04.09.2001;;x;14;Weitsprung;;
Nadel;Anne;;female;01.10.2002;;x;14;Weitsprung;;
Ostermann;Uta;;female;2/16/1998;x;;18;Hochsprung;;
Mauer;Dominik;;male;5/14/2001;;x;14;Weitsprung;;
Becker;Frank;;male;12/31/2001;;x;14;Weitsprung;;
Bauer;Jonas;;male;11/27/2000;x;;15;Hochsprung;;
Peters;Birgit;;female;9/13/1998;x;;17;Hochsprung;;
Schneider;Ralph;;male;10/16/2002;;x;13;Weitsprung;;
Finkel;Stefanie;;female;12.11.1998;;x;17;Weitsprung;;
Schuster;Katja;;female;11/19/2002;;x;13;Weitsprung;;
Meier;Vanessa;;female;3/13/1999;x;;16;Hochsprung;;
Gaertner;Angelika;;female;6/19/1998;x;;17;Hochsprung;;
Papst;Thorsten;;male;5/16/2000;;x;15;Weitsprung;;
Bar;Silke;;female;04.04.1999;;x;16;Weitsprung;;
Metzger;Maik;;male;8/18/2000;;x;15;Weitsprung;;
Wei√ü;Erik;;male;4/20/1999;x;;16;Hochsprung;;
Schweizer;Marcel;;male;01.05.2000;;x;16;Weitsprung;;
Ostermann;Torsten;;male;6/26/1997;;x;18;Weitsprung;;
Meister;Martin;;male;5/15/1997;x;;18;Hochsprung;;
Eichel;Michelle;;female;01.10.2002;;x;14;Weitsprung;;
Koch;Dennis;;male;7/27/1998;x;;17;Hochsprung;;
Durr;Jens;;male;11/20/1998;;x;17;Weitsprung;;
Schwab;Katja;;female;5/26/1999;;x;16;Weitsprung;;
Krause;Maria;;female;3/18/1999;;x;16;Weitsprung;;
Kortig;Stephanie;;female;12/14/2001;;x;14;Weitsprung;;
Wechsler;Ute;;female;12/28/1997;;x;18;Weitsprung;;
Schuhmacher;Robert;;male;01.08.2001;;x;15;Weitsprung;;
Ebersbach;Petra;;female;09.04.2001;;x;14;Weitsprung;;
G√§rtner;Katja;;female;02.04.1999;;x;17;Weitsprung;;
Schultz;Bernd;;male;01.12.2001;;x;15;Weitsprung;;
Kohl;Barbara;;female;03.03.2000;x;;16;Hochsprung;;
Probst;Thomas;;male;9/15/2001;;x;14;Weitsprung;;
Bosch;Matthias;;male;6/18/2000;;x;15;Weitsprung;;
Beich;Martin;;male;11.07.2001;;x;14;Weitsprung;;
Eberhart;Jessica;;female;1/30/2000;x;;16;Hochsprung;;
Holtzmann;Mandy;;female;01.03.1998;;x;18;Weitsprung;;
Richter;Mario;;male;9/14/2000;;x;15;Weitsprung;;
Strauss;Stefan;;male;9/24/1998;x;;17;Hochsprung;;
Kastner;Birgit;;female;11/28/1998;x;;17;Hochsprung;;
Fisher;Sabrina;;female;07.10.2002;;x;13;Weitsprung;;
Friedman;Stefanie;;female;12/17/1999;;x;16;Weitsprung;;
Achen;Dieter;;male;11/28/2000;;x;15;Weitsprung;;
B√ºrger;Doreen;;female;12.12.1999;x;;16;Hochsprung;;
Peters;Jonas;;male;12/18/2002;;x;13;Weitsprung;;
Bayer;Luca;;male;6/21/2000;x;;15;Hochsprung;;
Oster;Monika;;female;4/30/1999;;x;16;Weitsprung;;
Weisz;Ren√©;;male;05.04.2001;;x;14;Weitsprung;;
Pfeffer;Martin;;male;04.07.2002;;x;13;Weitsprung;;
Freud;Ines;;female;2/26/1998;x;;18;Hochsprung;;
Schiffer;Lukas;;male;11/20/1997;;x;18;Weitsprung;;
Lehrer;Klaudia;;female;12.03.1998;x;;17;Hochsprung;;
Fenstermacher;Nicole;;female;09.08.2002;;x;13;Weitsprung;;
Schaefer;Sophia;;female;8/29/1999;;x;16;Weitsprung;;
Bayer;Tobias;;male;09.05.1997;;x;18;Weitsprung;;
Ziegler;Leah;;female;02.12.2001;;x;15;Weitsprung;;
Strauss;Robert;;male;4/17/1999;;x;16;Weitsprung;;
Schroeder;Stefan;;male;05.11.2001;;x;14;Weitsprung;;
Meier;Eric;;male;11/16/2002;;x;13;Weitsprung;;
Krueger;Sabine;;female;05.02.2002;;x;13;Weitsprung;;
Faust;Sophia;;female;6/18/1998;;x;17;Weitsprung;;
G√§rtner;Nadine;;female;4/18/2001;;x;14;Weitsprung;;
Kappel;Benjamin;;male;7/27/2002;;x;13;Weitsprung;;
Neudorf;Patrick;;male;5/15/2002;;x;13;Weitsprung;;
Saenger;Karolin;;female;12/23/2002;;x;13;Weitsprung;;
Maier;J√∂rg;;male;01.07.2002;x;;14;Hochsprung;;
Walter;Stefan;;male;9/23/2001;;x;14;Weitsprung;;
Wagner;Marko;;male;2/24/1998;;x;18;Weitsprung;;
Rothschild;Marco;;male;05.11.1998;;x;17;Weitsprung;;
Diederich;Jessika;;female;08.04.1997;;x;18;Weitsprung;;
Wannemaker;Martin;;male;9/13/1997;x;;18;Hochsprung;;
Sch√§fer;Martina;;female;4/17/1998;;x;17;Weitsprung;;
Friedman;Torsten;;male;11.09.2001;;x;14;Weitsprung;;
Pfeifer;Sophie;;female;6/14/2001;;x;14;Weitsprung;;
Wagner;Ralph;;male;11.07.1999;;x;16;Weitsprung;;
Schwab;Martin;;male;09.03.2000;;x;15;Weitsprung;;
Drescher;Marco;;male;02.01.2001;;x;15;Weitsprung;;
Kr√ºger;Matthias;;male;3/23/2000;x;;15;Hochsprung;;
Ebersbacher;Gabriele;;female;11.08.1999;x;;16;Hochsprung;;
Himmel;Sarah;;female;4/27/1999;;x;16;Weitsprung;;
Freeh;Thorsten;;male;11.11.1998;x;;17;Hochsprung;;
Bayer;Anja;;female;4/24/2000;;x;15;Weitsprung;;
Kastner;Luca;;male;01.06.1999;;x;17;Weitsprung;;
Fisher;Swen;;male;10/13/2001;;x;14;Weitsprung;;
Maur;Frank;;male;07.05.1997;x;;18;Hochsprung;;
Klug;Niklas;;male;7/25/1998;x;;17;Hochsprung;;
Hoch;Jonas;;male;5/13/1999;x;;16;Hochsprung;;
Drescher;Doreen;;female;12/26/1998;x;;17;Hochsprung;;
Nacht;Maximilian;;male;07.02.2000;x;;15;Hochsprung;;
Eisenhower;Matthias;;male;1/15/2002;;x;14;Weitsprung;;
Huber;Leon;;male;12.10.2002;;x;13;Weitsprung;;
Gottlieb;Leah;;female;2/16/2001;;x;15;Weitsprung;;
Feierabend;Paul;;male;3/13/1997;x;;18;Hochsprung;;
Wannemaker;Lukas;;male;04.06.1998;x;;17;Hochsprung;;
Schneider;Birgit;;female;10/16/1997;;x;18;Weitsprung;;
Sch√§fer;Sandra;;female;2/19/2001;;x;15;Weitsprung;;
Fuchs;Ulrike;;female;06.08.1999;;x;16;Weitsprung;;
Zimmermann;Lena;;female;7/29/2000;;x;15;Weitsprung;;
Kalb;Maximilian;;male;08.05.2002;;x;13;Weitsprung;;
Pfeffer;Mario;;male;6/15/2000;x;;15;Hochsprung;;
Koch;Christine;;female;12/20/1998;x;;17;Hochsprung;;
Kaestner;Stephan;;male;6/20/1999;;x;16;Weitsprung;;
Kuster;Klaus;;male;05.12.1999;x;;16;Hochsprung;;
Roth;Mathias;;male;8/13/1999;;x;16;Weitsprung;;
Wagner;Heike;;female;10.01.2000;x;;15;Hochsprung;;
Saenger;Mario;;male;05.11.1997;x;;18;Hochsprung;;
Goldschmidt;Franziska;;female;12/19/2001;;x;14;Weitsprung;;
Bayer;Nicole;;female;04.01.2000;;x;15;Weitsprung;;
Faber;Marie;;female;12/18/1997;x;;18;Hochsprung;;
Neudorf;Juliane;;female;11.01.2000;;x;15;Weitsprung;;
Wannemaker;Ren√©;;male;3/19/2000;x;;15;Hochsprung;;
Fruehauf;Klaus;;male;07.05.1997;;x;18;Weitsprung;;
Hartmann;Jennifer;;female;06.11.2000;;x;15;Weitsprung;;
Eichelberger;Johanna;;female;11/26/1998;;x;17;Weitsprung;;
Maur;Birgit;;female;03.02.1998;;x;18;Weitsprung;;
Baecker;Felix;;male;07.03.2002;;x;13;Weitsprung;;
Bauer;Juliane;;female;3/19/1997;;x;18;Weitsprung;;
Schmid;Tom;;male;6/16/2000;x;;15;Hochsprung;;
Junker;Marcel;;male;05.06.2001;;x;14;Weitsprung;;
Kuhn;Christina;;female;12/18/1998;x;;17;Hochsprung;;
Reinhard;Frank;;male;6/17/2001;;x;14;Weitsprung;;
Theissen;Jessika;;female;7/23/2001;;x;14;Weitsprung;;
Brauer;Jonas;;male;8/18/1997;;x;18;Weitsprung;;
Muller;Daniela;;female;09.05.2002;;x;13;Weitsprung;;
Grunewald;Laura;;female;4/14/1998;;x;17;Weitsprung;;
Egger;Dennis;;male;09.05.1997;;x;18;Weitsprung;;
Neudorf;Patrick;;male;4/22/2000;;x;15;Weitsprung;;
Pfaff;Jan;;male;6/29/2002;;x;13;Weitsprung;;
Mauer;Manuela;;female;04.12.1997;x;;18;Hochsprung;;
Loewe;Tanja;;female;5/18/2001;;x;14;Weitsprung;;
Duerr;Benjamin;;male;5/21/2000;x;;15;Hochsprung;;
Herzog;Stephan;;male;8/29/1998;x;;17;Hochsprung;;
Hirsch;Niklas;;male;11/15/1999;x;;16;Hochsprung;;
M√ºller;Franziska;;female;12.07.1997;x;;18;Hochsprung;;
Hahn;Wolfgang;;male;10.12.2000;;x;15;Weitsprung;;
Weissmuller;Uwe;;male;10/14/2002;;x;13;Weitsprung;;
Holtzmann;Leon;;male;5/19/2000;;x;15;Weitsprung;;
Maier;Mario;;male;08.06.1998;x;;17;Hochsprung;;
Hueber;Janina;;female;9/17/2001;;x;14;Weitsprung;;
Biermann;Ursula;;female;12.09.1999;x;;16;Hochsprung;;
Wagner;Ines;;female;2/25/1998;;x;18;Weitsprung;;
Keller;Ralph;;male;04.09.2000;;x;15;Weitsprung;;
Theiss;Dieter;;male;09.01.2001;;x;14;Weitsprung;;
Propst;Sarah;;female;1/15/2001;x;;15;Hochsprung;;
Ackermann;Bernd;;male;05.03.1999;;x;16;Weitsprung;;
Decker;Lukas;;male;10/25/2001;x;;14;Hochsprung;;
Propst;Ralf;;male;3/19/1997;x;;18;Hochsprung;;
Lang;Franziska;;female;7/21/1999;x;;16;Hochsprung;;
Shuster;Mike;;male;04.08.2001;;x;14;Weitsprung;;
Schmid;Katrin;;female;10/14/2002;;x;13;Weitsprung;;
Fuerst;Klaus;;male;12/14/1998;x;;17;Hochsprung;;
Frey;Anne;;female;10.01.1997;;x;18;Weitsprung;;
Freitag;Leah;;female;7/14/1998;x;;17;Hochsprung;;
Zweig;Niklas;;male;01.06.2000;;x;16;Weitsprung;;
Hofmann;J√ºrgen;;male;2/13/2000;x;;16;Hochsprung;;
Osterhagen;Susanne;;female;5/16/1999;x;;16;Hochsprung;;
Naumann;Christian;;male;12/27/1999;;x;16;Weitsprung;;
Ostermann;Anke;;female;12.06.1999;;x;16;Weitsprung;;
Freitag;Ute;;female;12/15/1999;;x;16;Weitsprung;;
Cole;Ralph;;male;5/24/1999;;x;16;Weitsprung;;
Wagner;Jan;;male;11/17/1998;;x;17;Weitsprung;;
Jaeger;Heike;;female;1/27/2003;;x;13;Weitsprung;;
Fassbinder;Claudia;;female;9/17/2000;;x;15;Weitsprung;;
Wirth;Jennifer;;female;03.04.2003;;x;13;Weitsprung;;
Frey;Ute;;female;10.11.1997;;x;18;Weitsprung;;
Durr;Marina;;female;1/16/2003;;x;13;Weitsprung;;
Fruehauf;Lena;;female;10/13/2002;;x;13;Weitsprung;;
Abt;Lucas;;male;6/21/1999;x;;16;Hochsprung;;
Bauer;J√ºrgen;;male;08.04.1998;x;;17;Hochsprung;;
Hofmann;Anna;;female;5/24/1999;;x;16;Weitsprung;;
K√∂hler;Doreen;;female;07.02.2000;x;;15;Hochsprung;;
G√§rtner;Katrin;;female;3/31/1998;x;;17;Hochsprung;;
Meister;Tobias;;male;08.08.2000;x;;15;Hochsprung;;
Freud;Susanne;;female;07.04.1997;x;;18;Hochsprung;;
Engel;Florian;;male;05.02.2000;;x;15;Weitsprung;;
Nacht;Mathias;;male;08.09.1998;x;;17;Hochsprung;;
Schultz;Franziska;;female;1/27/2003;x;;13;Hochsprung;;
Richter;Jessika;;female;8/25/2002;;x;13;Weitsprung;;
Eberhart;J√ºrgen;;male;07.01.1997;;x;18;Weitsprung;;
Eisenberg;Tobias;;male;01.06.2001;;x;15;Weitsprung;;
Huber;Klaus;;male;09.11.1999;;x;16;Weitsprung;;
Waechter;Juliane;;female;05.06.1997;x;;18;Hochsprung;;
Engel;Angelika;;female;4/26/2000;;x;15;Weitsprung;;
Wei√ü;J√∂rg;;male;04.01.2000;;x;15;Weitsprung;;
Beich;Johanna;;female;10.06.2001;;x;14;Weitsprung;;
Friedmann;Matthias;;male;2/24/2001;;x;15;Weitsprung;;
Ostermann;Stephan;;male;6/13/1997;x;;18;Hochsprung;;
Schmid;Johanna;;female;11.10.1998;x;;17;Hochsprung;;
Fisher;Torsten;;male;5/27/1998;;x;17;Weitsprung;;
Beckenbauer;Phillipp;;male;11.06.1997;x;;18;Hochsprung;;
Walter;Nadine;;female;07.06.2001;;x;14;Weitsprung;;
Feierabend;Niklas;;male;3/28/1998;x;;17;Hochsprung;;
Schmitt;Thomas;;male;1/15/2000;;x;16;Weitsprung;;
Propst;Patrick;;male;06.09.1998;x;;17;Hochsprung;;
Bauer;Bernd;;male;8/25/2000;;x;15;Weitsprung;;
Duerr;Dominik;;male;9/26/1998;;x;17;Weitsprung;;
Lang;Jens;;male;9/19/2000;;x;15;Weitsprung;;
Egger;Paul;;male;12.11.1997;x;;18;Hochsprung;;
Schneider;Katrin;;female;9/29/2000;;x;15;Weitsprung;;
Ostermann;Ulrich;;male;5/29/1998;x;;17;Hochsprung;;
Amsel;Leah;;female;7/21/1999;;x;16;Weitsprung;;
Foerster;Stefan;;male;6/20/2000;;x;15;Weitsprung;;
Vogt;Nicole;;female;11.01.1999;;x;16;Weitsprung;;
Nussbaum;Klaudia;;female;06.10.1997;x;;18;Hochsprung;;
Faerber;Lena;;female;01.11.2003;;x;13;Weitsprung;;
Faerber;Tom;;male;07.02.2001;;x;14;Weitsprung;;
Fenstermacher;Frank;;male;1/25/2001;;x;15;Weitsprung;;
M√∂ller;Andreas;;male;01.06.2002;;x;14;Weitsprung;;
Brauer;Tom;;male;2/28/1998;x;;18;Hochsprung;;
Boehm;Leon;;male;11.01.1999;x;;16;Hochsprung;;
Pfeiffer;Katharina;;female;3/14/1999;x;;16;Hochsprung;;
Busch;Michelle;;female;11.12.1999;x;;16;Hochsprung;;
Ackermann;Philipp;;male;11.02.2000;;x;15;Weitsprung;;
Jaeger;Ulrike;;female;10/15/2001;;x;14;Weitsprung;;
Hertz;Michelle;;female;12/27/1999;;x;16;Weitsprung;;
Klein;Johanna;;female;3/29/1997;;x;18;Weitsprung;;
Peters;Felix;;male;11.07.1998;;x;17;Weitsprung;;
Schreiber;Melanie;;female;01.07.1998;x;;18;Hochsprung;;
Wagner;Stefanie;;female;2/26/2002;;x;14;Weitsprung;;
Freytag;Mathias;;male;04.09.2001;;x;14;Weitsprung;;
Kaufmann;Janina;;female;7/30/1998;x;;17;Hochsprung;;
Brandt;Marie;;female;07.01.1998;x;;17;Hochsprung;;
Koertig;Tim;;male;5/16/2000;x;;15;Hochsprung;;
Schuhmacher;Torsten;;male;5/13/1999;;x;16;Weitsprung;;
Eiffel;Birgit;;female;06.07.1997;;x;18;Weitsprung;;
Schroder;Dirk;;male;10/21/2001;;x;14;Weitsprung;;
Junker;Anja;;female;10.12.1999;;x;16;Weitsprung;;
Schiffer;Frank;;male;01.08.1998;x;;18;Hochsprung;;
Wechsler;Paul;;male;03.09.2000;;x;15;Weitsprung;;
Gottlieb;Yvonne;;female;4/30/2001;;x;14;Weitsprung;;
Beckenbauer;Florian;;male;8/26/1999;;x;16;Weitsprung;;
Bauer;Uwe;;male;10.10.1998;x;;17;Hochsprung;;
Pfeiffer;Dennis;;male;3/23/1997;x;;18;Hochsprung;;
M√ºller;J√ºrgen;;male;3/13/2000;;x;15;Weitsprung;;
Vogler;Katja;;female;08.04.2001;;x;14;Weitsprung;;
Weiss;Silke;;female;12.12.2001;;x;14;Weitsprung;;
Daecher;Christina;;female;2/24/1999;;x;17;Weitsprung;;
Berg;Uta;;female;3/19/2000;;x;15;Weitsprung;;
Roth;Swen;;male;9/18/2000;x;;15;Hochsprung;;
Zimmerman;Frank;;male;09.09.2000;x;;15;Hochsprung;;
Klug;Peter;;male;3/25/1998;;x;17;Weitsprung;;
Baumgaertner;Jonas;;male;4/29/2000;;x;15;Weitsprung;;
Wurfel;Tanja;;female;3/13/2001;;x;14;Weitsprung;;
Berg;Nadine;;female;08.06.2000;;x;15;Weitsprung;;
Hofmann;Sandra;;female;11/28/2001;;x;14;Weitsprung;;
Faber;Annett;;female;5/21/1998;x;;17;Hochsprung;;
Fuhrmann;Robert;;male;03.11.1999;x;;16;Hochsprung;;
Baer;Steffen;;male;3/20/1999;x;;16;Hochsprung;;
Frey;Max;;male;03.07.1997;x;;18;Hochsprung;;
Mauer;Philipp;;male;9/25/1999;;x;16;Weitsprung;;
Beyer;Sara;;female;11/28/1997;;x;18;Weitsprung;;
Schmitz;Sabrina;;female;8/18/1997;x;;18;Hochsprung;;
Bayer;Lena;;female;11/22/1997;x;;18;Hochsprung;;
Herz;Tanja;;female;04.10.2002;;x;13;Weitsprung;;
Gruenewald;Klaus;;male;11/15/1997;x;;18;Hochsprung;;
Goldschmidt;Christian;;male;6/28/1998;x;;17;Hochsprung;;
Fassbinder;Stephan;;male;4/24/1997;;x;18;Weitsprung;;
Burger;Manuela;;female;10.02.1999;;x;16;Weitsprung;;
Baer;Paul;;male;10/31/2000;x;;15;Hochsprung;;
Diederich;Jana;;female;6/23/1999;x;;16;Hochsprung;;
Mauer;Anja;;female;8/22/1999;;x;16;Weitsprung;;
Saenger;Brigitte;;female;7/15/1997;;x;18;Weitsprung;;
Krause;Ulrike;;female;10/30/2002;;x;13;Weitsprung;;
Kuefer;Sebastian;;male;12/19/1999;x;;16;Hochsprung;;
Zimmer;Lena;;female;12.03.1999;x;;16;Hochsprung;;
Bauer;Phillipp;;male;04.05.2002;;x;13;Weitsprung;;
Faber;Gabriele;;female;11.03.1998;;x;17;Weitsprung;;
Bachmeier;Mario;;male;03.04.2000;;x;16;Weitsprung;;
Koenig;Angelika;;female;7/14/2002;;x;13;Weitsprung;;
Faerber;Andreas;;male;04.12.2001;;x;14;Weitsprung;;
Lehrer;Jana;;female;04.12.2000;x;;15;Hochsprung;;
Baumgaertner;Christin;;female;03.09.2002;;x;13;Weitsprung;;
Sch√§fer;Erik;;male;9/16/2000;x;;15;Hochsprung;;
Freytag;Jennifer;;female;11.07.2000;;x;15;Weitsprung;;
Herman;Sabrina;;female;8/18/2000;;x;15;Weitsprung;;
Gottschalk;Uta;;female;08.08.2000;;x;15;Weitsprung;;
Saenger;Kevin;;male;8/17/2001;;x;14;Weitsprung;;
Kortig;Susanne;;female;4/24/1999;;x;16;Weitsprung;;
Fischer;Christina;;female;06.12.2001;;x;14;Weitsprung;;
Lange;Benjamin;;male;08.11.1998;;x;17;Weitsprung;;
Mauer;Manuela;;female;08.05.2002;x;;13;Hochsprung;;
Kalb;Manuela;;female;7/18/2001;;x;14;Weitsprung;;
Lang;Florian;;male;5/25/1999;x;;16;Hochsprung;;
Bader;Claudia;;female;12/27/2000;;x;15;Weitsprung;;
Scherer;Barbara;;female;10/14/2002;x;;13;Hochsprung;;
Propst;Gabriele;;female;7/19/2001;;x;14;Weitsprung;;
Papst;Bernd;;male;7/20/1997;;x;18;Weitsprung;;
Wirth;Dennis;;male;11.11.2001;;x;14;Weitsprung;;
Shuster;Klaus;;male;11.08.1999;;x;16;Weitsprung;;
M√ºller;Mario;;male;5/17/1998;x;;17;Hochsprung;;
Eberhardt;Bernd;;male;1/28/1999;x;;17;Hochsprung;;
Mehler;Claudia;;female;07.10.1999;;x;16;Weitsprung;;
Hertzog;Dominik;;male;01.09.2000;;x;16;Weitsprung;;
Frueh;Anne;;female;4/14/2001;;x;14;Weitsprung;;
Fleischer;Dieter;;male;05.04.1999;;x;16;Weitsprung;;
Hartmann;Lea;;female;03.02.2003;;x;13;Weitsprung;;
Vogt;Kerstin;;female;10/27/2002;;x;13;Weitsprung;;
Meier;Eric;;male;2/13/1998;x;;18;Hochsprung;;
Weissmuller;Klaus;;male;9/22/1997;x;;18;Hochsprung;;
M√∂ller;Julia;;female;4/19/1999;;x;16;Weitsprung;;
Schreiner;Franziska;;female;5/14/1997;x;;18;Hochsprung;;
Engel;Ren√©;;male;8/23/1999;;x;16;Weitsprung;;
Hahn;Janina;;female;1/15/2001;;x;15;Weitsprung;;
Jung;David;;male;3/29/1999;;x;16;Weitsprung;;
Fried;Diana;;female;4/23/1999;;x;16;Weitsprung;;
Kuster;Stefanie;;female;8/22/2001;;x;14;Weitsprung;;
Busch;Heike;;female;4/15/1998;x;;17;Hochsprung;;
Pfaff;Julia;;female;1/28/1998;;x;18;Weitsprung;;
Eichel;Stefan;;male;4/21/2001;;x;14;Weitsprung;;
Ackermann;Dieter;;male;4/30/1999;x;;16;Hochsprung;;
Schultheiss;J√ºrgen;;male;9/13/2002;;x;13;Weitsprung;;
Friedmann;Katharina;;female;5/13/1998;x;;17;Hochsprung;;
Finkel;Jan;;male;4/28/1999;x;;16;Hochsprung;;
Kuhn;Silke;;female;10/16/2002;;x;13;Weitsprung;;
Neumann;Daniela;;female;12/19/1999;x;;16;Hochsprung;;
Saenger;Brigitte;;female;6/15/1998;x;;17;Hochsprung;;
K√∂hler;Bernd;;male;11/19/2000;;x;15;Weitsprung;;
Waechter;Jonas;;male;4/28/1999;x;;16;Hochsprung;;
Abt;Sophie;;female;9/26/2000;x;;15;Hochsprung;;
Baum;Juliane;;female;05.08.1999;;x;16;Weitsprung;;
Freitag;Ralf;;male;3/23/1999;;x;16;Weitsprung;;
Kappel;Marina;;female;1/21/2001;x;;15;Hochsprung;;
Baum;Marko;;male;8/21/1999;x;;16;Hochsprung;;
Werfel;Gabriele;;female;7/31/2001;;x;14;Weitsprung;;
Holtzmann;Karin;;female;2/23/2000;x;;16;Hochsprung;;
Junker;Christin;;female;5/16/1998;;x;17;Weitsprung;;
Ostermann;Swen;;male;05.05.1999;x;;16;Hochsprung;;
Schreiber;Alexander;;male;11.08.2002;;x;13;Weitsprung;;
Nussbaum;Gabriele;;female;12.12.1999;;x;16;Weitsprung;;
Beich;Klaus;;male;09.12.1998;;x;17;Weitsprung;;
Mayer;Manuela;;female;09.12.2001;;x;14;Weitsprung;;
Grunwald;Marie;;female;5/28/2000;;x;15;Weitsprung;;
Metzger;Lisa;;female;3/16/1998;;x;17;Weitsprung;;
Kr√ºger;Philipp;;male;11/25/1998;;x;17;Weitsprung;;
Osterhagen;Klaudia;;female;2/13/2003;;x;13;Weitsprung;;
Austerlitz;Paul;;male;4/29/2002;;x;13;Weitsprung;;
Bauer;Max;;male;11.12.1997;;x;18;Weitsprung;;
Loewe;Felix;;male;5/20/2000;x;;15;Hochsprung;;
Kuhn;Dirk;;male;9/23/2002;;x;13;Weitsprung;;
Propst;Anna;;female;05.05.2000;;x;15;Weitsprung;;
Ebersbacher;Marko;;male;10/28/2001;;x;14;Weitsprung;;
K√∂hler;Nicole;;female;7/31/1998;;x;17;Weitsprung;;
Pfeffer;Maik;;male;01.02.2003;;x;13;Weitsprung;;
Durr;Anne;;female;6/23/2001;;x;14;Weitsprung;;
Muller;Stephanie;;female;3/14/2001;x;;14;Hochsprung;;
Burger;J√ºrgen;;male;9/14/1999;x;;16;Hochsprung;;
Gottschalk;Maximilian;;male;6/26/1997;;x;18;Weitsprung;;
Brandt;Jens;;male;8/24/1998;x;;17;Hochsprung;;
Kuster;Katharina;;female;8/17/2000;x;;15;Hochsprung;;
Abendroth;Florian;;male;10.09.2001;x;;14;Hochsprung;;
Fried;Christian;;male;2/27/2001;x;;15;Hochsprung;;
Werner;Leah;;female;07.09.1997;x;;18;Hochsprung;;
Hertz;Anke;;female;03.03.2000;;x;16;Weitsprung;;
Schneider;Markus;;male;01.11.1999;;x;17;Weitsprung;;
Zimmer;Uta;;female;04.06.2000;;x;15;Weitsprung;;
Lehmann;Marina;;female;12/27/1998;;x;17;Weitsprung;;
